{"cameraMode":{"drawMode":0,"name":"Shaded","section":"Shading Mode"},"sceneLighting":false,"audioPlay":false,"sceneViewState":{"m_AlwaysRefresh":false,"showFog":true,"showSkybox":false,"showFlares":true,"showImageEffects":true,"showParticleSystems":true,"showVisualEffectGraphs":true,"m_FxEnabled":false},"in2DMode":false,"pivot":{"x":0.7195119857788086,"y":1.162613868713379,"z":1.4581210613250733},"rotation":{"x":-0.03561770170927048,"y":0.7185623645782471,"z":-0.036901794373989108,"w":-0.6935661435127258},"size":1.3479740619659424,"orthographic":false}