{"cameraMode":{"drawMode":0,"name":"Shaded","section":"Shading Mode"},"sceneLighting":false,"audioPlay":false,"sceneViewState":{"m_AlwaysRefresh":false,"showFog":true,"showSkybox":false,"showFlares":true,"showImageEffects":true,"showParticleSystems":true,"showVisualEffectGraphs":true,"m_FxEnabled":false},"in2DMode":false,"pivot":{"x":0.019938945770263673,"y":0.8962122201919556,"z":0.4148159623146057},"rotation":{"x":-0.04730089381337166,"y":0.7850878238677979,"z":-0.06042131409049034,"w":-0.6146097183227539},"size":1.3479740619659424,"orthographic":false}