{"cameraMode":{"drawMode":0,"name":"Shaded","section":"Shading Mode"},"sceneLighting":true,"audioPlay":false,"sceneViewState":{"m_AlwaysRefresh":false,"showFog":true,"showSkybox":true,"showFlares":true,"showImageEffects":true,"showParticleSystems":true,"showVisualEffectGraphs":true,"m_FxEnabled":false},"in2DMode":false,"pivot":{"x":12.120293617248536,"y":12.310539245605469,"z":8.252817153930664},"rotation":{"x":-0.04730089381337166,"y":0.7850878238677979,"z":-0.06042131409049034,"w":-0.6146097183227539},"size":3.2861104011535646,"orthographic":false}