{"cameraMode":{"drawMode":0,"name":"Shaded","section":"Shading Mode"},"sceneLighting":true,"audioPlay":false,"sceneViewState":{"m_AlwaysRefresh":false,"showFog":true,"showSkybox":true,"showFlares":true,"showImageEffects":true,"showParticleSystems":true,"showVisualEffectGraphs":true,"m_FxEnabled":false},"in2DMode":false,"pivot":{"x":18.389894485473634,"y":13.408685684204102,"z":11.749897003173829},"rotation":{"x":-0.07933568209409714,"y":0.7817514538764954,"z":-0.10165520012378693,"w":-0.6101086735725403},"size":3.1504058837890627,"orthographic":false}